Format,Write Time (s),Read Time (s),File Size (MB)
CSV,102.18664813041687,19.32201910018921,2821.017491340637
Parquet_None,9.52684998512268,4.930721044540405,1178.393593788147
Parquet_Snappy,11.349396228790283,12.712131023406982,951.66579246521
Parquet_Gzip,58.62904596328735,5.768336296081543,758.0863409042358
Parquet_Zstd,12.107669115066528,5.905818939208984,751.5718746185303
