Format,Write Time (s),Read Time (s),File Size (MB)
CSV,10.31609296798706,1.5491621494293213,282.10178089141846
Parquet_None,0.9145228862762451,0.2447810173034668,118.02459335327148
Parquet_Snappy,0.9591989517211914,0.18790507316589355,95.35063362121582
Parquet_Gzip,5.7324538230896,0.247298002243042,75.97315692901611
Parquet_Zstd,1.0706398487091064,0.19805002212524414,75.42514038085938
