Format,Write Time (s),Read Time (s),File Size (MB)
CSV,0.1563577651977539,1.1017301082611084,28.210209846496582
Parquet_None,0.0394439697265625,0.10803389549255371,12.730594635009766
Parquet_Snappy,0.020849943161010742,0.1042017936706543,10.150796890258789
Parquet_Gzip,0.02965688705444336,0.10493993759155273,8.058022499084473
Parquet_Zstd,0.0278170108795166,0.10602903366088867,8.088180541992188
